row,accretion_time
12,5.316316631119249
37,7.650723358174987
58,7.767437636083015
