row,accretion_time
37,6.027049356507417
41,5.142821147714337
81,9.109090026632263
83,8.947231129146173
86,8.294570714941003
115,8.19829955152758
128,4.261645037535586
